2015-03-27,19:53:00
2015-03-27,19:54:00
2015-03-27,19:54:00
2015-03-27,19:57:00
2015-03-27,19:57:00
2015-03-27,19:58:00
2015-03-27,20:00:00
2015-03-27,20:01:00
2015-03-27,20:01:00
2015-03-27,20:02:00
2015-03-27,20:09:00
2015-03-27,20:19:00
2015-03-27,20:20:00
2015-03-27,20:20:00
2015-03-27,20:24:00
2015-03-27,20:25:00
2015-03-27,20:53:00
2015-03-28,07:50:00
2015-03-28,13:06:00
2015-03-28,13:40:00
2015-03-28,13:59:00
2015-03-28,14:00:00
2015-03-28,14:00:00
2015-03-28,14:16:00
2015-03-28,15:51:00
2015-03-28,15:55:00
2015-03-28,21:58:00
2015-03-29,09:32:00
2015-03-29,12:25:00
2015-03-29,16:48:00
2015-03-29,21:06:00
2015-03-30,19:07:00
2015-03-30,21:20:00
2015-03-31,08:02:00
2015-03-31,08:10:00
2015-04-01,10:12:00
2015-04-01,10:50:00
2015-04-01,11:47:00
2015-04-01,14:18:00
2015-04-01,14:47:00
2015-04-01,15:20:00
2015-04-01,17:25:00
2015-04-01,18:22:00
2015-04-01,18:31:00
